CustomerID,Customer_name,City
CUST-05677,Kimberly  Davis,Fairview
CUST-07683,Linda  Garcia,Georgetown
CUST-05017,Steven  Baker,Clinton
CUST-04913,Laura  Thomas,Salem
CUST-04532,Thomas  Turner,Springfield
CUST-01801,Emily  Brown,Greenville
CUST-01046,Anthony  Phillips,Georgetown
CUST-07323,Michelle  Young,Clinton
CUST-08995,William  Davis,Springfield
CUST-05011,Sharon  Turner,Salem
CUST-05322,Brian  Carter,Tacoma
CUST-06447,Donald  Sanchez,Fairview
CUST-05400,Jennifer  Green,Fairview
CUST-08979,David  Adams,Clinton
CUST-01742,Ruth  Carter,Greenville
CUST-04990,William  Martin,Sacramento
CUST-01951,Paul  Mitchell,Salem
CUST-08464,Ronald  Hall,Springfield
CUST-06300,Lisa  Perez,Georgetown
CUST-05931,Matthew  King,Madison
CUST-03073,Sarah  Green,Georgetown
CUST-06921,Paul  Johnson,Clinton
CUST-04172,John  Adams,Madison
CUST-04618,George  Lewis,Georgetown
CUST-04406,Sarah  Jackson,Madison
CUST-04517,Timothy  Davis,Clinton
CUST-02962,Patricia  King,Bristol
CUST-06450,Edward  Nelson,Fairview
CUST-05953,Karen  Sanchez,Georgetown
CUST-01669,Andrew  Brown,Tacoma
CUST-02069,George  Williams,Clinton
CUST-04124,John  Phillips,Albany
CUST-06099,George  Clark,Bristol
CUST-04093,Kimberly  Taylor,Springfield
CUST-07957,Jennifer  Mitchell,Clinton
CUST-05080,Susan  Clark,Clinton
CUST-04791,Timothy  Lewis,Albany
CUST-05558,Mary  Jones,Clinton
CUST-08921,Linda  Brown,Augusta
CUST-08750,Thomas  Jones,Springfield
CUST-02310,Steven  Mitchell,Clinton
CUST-04826,Karen  Robinson,Clinton
CUST-08099,John  Sanchez,Greenville
CUST-05377,Sharon  Brown,Augusta
CUST-03864,Lisa  Hall,Allentown
CUST-02612,Kenneth  Young,Madison
CUST-01951,Laura  Allen,Clinton
CUST-03668,Mary  Jackson,Salem
CUST-07329,George  Jackson,Springfield
CUST-08566,Edward  King,Springfield
CUST-01159,Sarah  Miller,Buffalo
CUST-06481,Ronald  Perez,Clinton
CUST-01070,Daniel  Jones,Fairview
CUST-04611,David  Taylor,Greenville
CUST-04280,Jason  Johnson,Georgetown
CUST-06060,Kimberly  White,Springfield
CUST-05175,Anthony  Wright,Bristol
CUST-01709,Michelle  Clark,Salem
CUST-01227,Michelle  Brown,Clinton
CUST-07953,Michael  Johnson,Springfield
CUST-01125,Emily  Thompson,Madison
CUST-01174,Mark  Garcia,Madison
CUST-02510,Jason  Nelson,Springfield
CUST-03623,Brian  King,Greensboro
CUST-01857,Kevin  Brown,Houston
CUST-03431,Sharon  Campbell,Clinton
CUST-08362,Ashley  Miller,Joliet
CUST-08837,Ronald  Lewis,Springfield
CUST-08471,Joshua  Jones,Greenville
CUST-02111,Nancy  Allen,Greenville
CUST-03194,Andrew  Thompson,Springfield
CUST-06700,Ruth  Miller,Augusta
CUST-03968,Nancy  Robinson,Georgetown
CUST-05002,Margaret  Lewis,Springfield
CUST-03275,Kenneth  Anderson,Springfield
CUST-08961,Daniel  Thomas,Chicago
CUST-05616,Kenneth  Johnson,Los Angeles
CUST-04296,Ronald  Green,Greensboro
CUST-08769,Mary  Green,Madison
CUST-05375,Michael  White,Bristol
CUST-03986,Andrew  Miller,Bristol
CUST-03332,Sarah  Williams,Greenville
CUST-02820,Patricia  Mitchell,Clinton
CUST-05299,Donald  Johnson,Erie
CUST-03888,Mark  Harris,Fairview
CUST-03016,Jessica  Wilson,Greenville
CUST-08870,Margaret  Brown,San Francisco
CUST-07460,George  Sanchez,Bristol
CUST-03790,Matthew  Jones,Springfield
CUST-06599,Patricia  Thomas,Greenville
CUST-04889,Dorothy  Jones,Clinton
CUST-07716,Robert  Carter,Georgetown
CUST-07340,Amanda  Carter,Albany
CUST-01723,Sandra  Perez,Georgetown
CUST-01306,Donald  Nelson,Springfield
CUST-01409,William  Jackson,Greenville
CUST-08091,James  Wright,Fairview
CUST-06610,James  Thomas,Fairview
CUST-07212,Michelle  Brown,Greenville
CUST-07856,Donald  Scott,Orlando
CUST-02878,Mark  Baker,Madison
CUST-04854,Barbara  Roberts,Salem
CUST-03704,George  Nelson,Bristol
CUST-02694,Joshua  Martin,Bristol
CUST-02477,Linda  Jones,Clinton
CUST-07278,Amanda  Turner,Bristol
CUST-01296,Sarah  Lewis,Clinton
CUST-08642,Joshua  Nelson,Springfield
CUST-02678,Paul  Sanchez,Salem
CUST-07681,Andrew  Young,Georgetown
CUST-04837,Dorothy  Nelson,Greenville
CUST-06993,Amanda  Robinson,Springfield
CUST-08111,Emily  Roberts,Miami
CUST-03034,Ronald  White,Georgetown
CUST-06343,Mary  King,Fairview
CUST-07977,Matthew  Clark,Salem
CUST-02016,Michelle  Allen,Georgetown
CUST-08732,Michael  Thomas,Naperville
CUST-01628,Matthew  Taylor,Greenville
CUST-03878,Karen  Thomas,Dallas
CUST-01092,Jessica  King,Springfield
CUST-03717,Carol  Jones,Springfield
CUST-01538,Margaret  Taylor,Augusta
CUST-07796,Nancy  Davis,Pittsburgh
CUST-05654,Karen  Roberts,Aurora
CUST-02227,Donald  Smith,Salem
CUST-03598,Brian  Green,Bristol
CUST-04101,Donald  Green,Georgetown
CUST-04845,Donald  Lewis,Raleigh
CUST-08390,Dorothy  Garcia,Greenville
CUST-05314,Kenneth  Turner,Georgetown
CUST-04576,Sharon  Adams,Springfield
CUST-08289,William  Anderson,Bristol
CUST-01163,Dorothy  Johnson,Salem
CUST-07460,David  Thompson,Springfield
CUST-02133,Jessica  King,Clinton
CUST-03441,Donald  Perez,Madison
CUST-05564,Mary  Roberts,Macon
CUST-07659,William  Anderson,Salem
CUST-06689,Laura  Phillips,Georgetown
CUST-07503,Joseph  Turner,Bristol
CUST-05790,Joshua  Taylor,Madison
CUST-08917,Thomas  Wilson,Salem
CUST-04646,Mark  Jackson,Fairview
CUST-03604,Ruth  White,Springfield
CUST-02129,Karen  Garcia,Bristol
CUST-03379,Laura  Miller,Georgetown
CUST-02768,Edward  Jones,Jacksonville
CUST-08845,Jessica  Carter,Aurora
CUST-07874,Robert  Taylor,Bristol
CUST-04335,Andrew  Davis,Rochester
CUST-07645,Andrew  Thomas,Georgetown
CUST-08098,James  Baker,Bristol
CUST-05604,Laura  Clark,Clinton
CUST-05369,Daniel  Phillips,Madison
CUST-07837,Ruth  Johnson,Greenville
CUST-04459,Jessica  King,Bristol
CUST-04454,Michelle  Garcia,Toledo
CUST-05936,Betty  Jones,Greenville
CUST-05387,Kenneth  Davis,Madison
CUST-06660,Betty  Allen,Durham
CUST-03271,William  Clark,Durham
CUST-02680,Ashley  Campbell,Madison
CUST-08926,William  Taylor,Salem
CUST-05539,Jessica  Perez,Bristol
CUST-08820,George  Carter,Salem
CUST-02113,Dorothy  Anderson,Springfield
CUST-06395,Sarah  King,Salem
CUST-02274,Patricia  Thompson,Toledo
CUST-06683,George  Taylor,Fairview
CUST-08232,Donna  Hall,Salem
CUST-01115,Michelle  Roberts,Georgetown
CUST-07306,Dorothy  Davis,Fairview
CUST-08639,Donna  Adams,Georgetown
CUST-04717,Jason  Robinson,Clinton
CUST-08707,Ashley  Hall,Clinton
CUST-06038,Donald  Adams,Bristol
CUST-08577,Kenneth  Campbell,Bristol
CUST-05726,Jessica  Thomas,Raleigh
CUST-01286,Barbara  Young,Clinton
CUST-08928,Carol  Harris,Greensboro
CUST-05902,Paul  Wright,Greenville
CUST-06724,Lisa  Johnson,Salem
CUST-06484,Paul  Nelson,Clinton
CUST-03499,Jennifer  Garcia,Erie
CUST-02661,Sandra  Phillips,Salem
CUST-04765,Ruth  Perez,Cincinnati
CUST-03966,Robert  Smith,Savannah
CUST-05325,Linda  Scott,Clinton
CUST-06882,Ronald  Perez,Bristol
CUST-08442,Edward  Williams,Greenville
CUST-07222,Donald  White,Bristol
CUST-05985,Joshua  Green,Clinton
CUST-08763,Edward  Martinez,Bristol
CUST-07572,Timothy  Carter,Madison
CUST-06329,Sarah  Campbell,Greenville
CUST-04929,Jessica  Clark,Savannah
CUST-01331,Matthew  Young,Dallas
CUST-01837,Amanda  Thompson,Madison
CUST-01468,Kimberly  Hall,Fairview
CUST-03352,Karen  Johnson,Salem
CUST-01359,Lisa  Smith,Los Angeles
CUST-07346,Ronald  Taylor,Georgetown
CUST-03712,Jessica  Davis,Clinton
CUST-02611,Kevin  Turner,Clinton
CUST-03570,Donald  Young,Springfield
CUST-05444,Timothy  Phillips,Madison
CUST-07029,Michelle  Smith,Seattle
CUST-01080,Donna  Wright,Erie
CUST-08179,Margaret  Johnson,Bristol
CUST-08343,Daniel  Wilson,Clinton
CUST-07915,Mark  Smith,Greenville
CUST-06914,Donald  Harris,Madison
CUST-06016,Betty  Baker,Bristol
CUST-03034,Joshua  Brown,Bristol
CUST-06414,Linda  Smith,Tacoma
CUST-03770,David  Robinson,Atlanta
CUST-08942,Michelle  Adams,Clinton
CUST-03063,Steven  Baker,Springfield
CUST-04083,Sharon  Smith,Springfield
CUST-03604,Michelle  Sanchez,Greenville
CUST-03692,Margaret  Anderson,Fairview
CUST-01644,Edward  Wilson,Atlanta
CUST-03164,Daniel  Smith,Georgetown
CUST-02399,Donald  Miller,Springfield
CUST-03140,Linda  Lewis,Allentown
CUST-07342,James  Garcia,Springfield
CUST-04855,Margaret  White,Madison
CUST-04209,Sharon  Adams,Fairview
CUST-06177,Andrew  Martinez,Madison
CUST-05597,Jessica  Thomas,Salem
CUST-04890,Joshua  Nelson,Springfield
CUST-05580,Donna  Thomas,Bristol
CUST-03650,Karen  Anderson,San Francisco
CUST-04150,Sarah  Campbell,Clinton
CUST-08363,Brian  Carter,Salem
CUST-02476,Sarah  Thompson,Bristol
CUST-05296,Kevin  Miller,Clinton
CUST-05003,Ronald  Martinez,Madison
CUST-06142,Patricia  Davis,Madison
CUST-01419,Joshua  Martinez,Clinton
CUST-07144,Sarah  Jones,Bristol
CUST-01478,Amanda  Baker,Macon
CUST-01326,Steven  Miller,San Antonio
CUST-03913,Nancy  Garcia,Salem
CUST-06828,Ronald  Lee,Bristol
CUST-01483,Brian  Mitchell,Jacksonville
CUST-08442,Betty  Baker,Toledo
CUST-01861,Michelle  Harris,Greenville
CUST-08278,John  Green,Madison
CUST-06693,Sharon  Wilson,Georgetown
CUST-06211,Paul  Phillips,Bristol
CUST-07568,Sharon  Martinez,Springfield
CUST-08673,Laura  Nelson,Springfield
CUST-03606,Carol  Campbell,Joliet
CUST-01861,Thomas  Smith,Fairview
CUST-01390,Anthony  Miller,Seattle
CUST-03111,Anthony  Brown,Bristol
CUST-03447,Amanda  Nelson,Springfield
CUST-05504,Timothy  Clark,Greenville
CUST-02761,John  White,Springfield
CUST-01041,Michael  Garcia,Georgetown
CUST-04855,Ashley  Scott,Rochester
CUST-06389,Kevin  Taylor,Georgetown
CUST-05267,Karen  Hall,Fairview
CUST-08329,Anthony  Turner,Springfield
CUST-03506,Joshua  King,Georgetown
CUST-02433,Matthew  Adams,Aurora
CUST-08348,Joseph  Anderson,San Diego
CUST-04404,Linda  Phillips,Augusta
CUST-04623,George  Harris,San Francisco
CUST-01502,Laura  Johnson,Tacoma
CUST-05943,Sandra  Smith,Greenville
CUST-07007,Mark  Robinson,Bristol
CUST-02201,Jason  Smith,Georgetown
CUST-03638,Steven  Lee,Durham
CUST-02508,Nancy  Nelson,Chicago
CUST-04468,Donald  Phillips,Salem
CUST-07293,Jason  Wilson,Bristol
CUST-02341,Amanda  Phillips,Columbus
CUST-01880,Anthony  King,Fairview
CUST-02030,Jessica  Brown,Chicago
CUST-01810,Michael  Clark,Bristol
CUST-08167,Kenneth  Garcia,Salem
CUST-07453,Donald  Davis,Georgetown
CUST-06680,Paul  Robinson,Salem
CUST-04768,Betty  Wilson,Springfield
CUST-05053,Emily  Johnson,Greenville
CUST-06341,Margaret  White,Fairview
CUST-05706,Kenneth  Green,Bristol
CUST-05255,Amanda  Anderson,Georgetown
CUST-05689,Matthew  Roberts,Erie
CUST-05945,Joseph  Baker,Madison
CUST-06797,Betty  Thomas,Georgetown
CUST-04749,Steven  Campbell,Joliet
CUST-01752,Robert  Campbell,Springfield
CUST-03893,Michelle  Martin,Greenville
CUST-08805,Dorothy  Martin,Fairview
CUST-01485,Daniel  Taylor,Clinton
CUST-05984,Kenneth  Wright,Fairview
CUST-08436,James  Robinson,Orlando
CUST-07501,Matthew  Adams,Madison
CUST-08876,Margaret  Turner,Salem
CUST-03278,David  Scott,Macon
CUST-06376,Donald  Nelson,Madison
CUST-07532,Ruth  Clark,Toledo
CUST-02953,Barbara  Green,Georgetown
CUST-07100,Jessica  Adams,Durham
CUST-08718,Matthew  Turner,Madison
CUST-01012,Jason  Wright,Greenville
CUST-01858,Andrew  Harris,Madison
CUST-07802,Jessica  Adams,Chicago
CUST-03021,Kenneth  Wright,Bristol
CUST-06115,David  Sanchez,Madison
CUST-05695,Linda  Nelson,Austin
CUST-07265,Jason  Garcia,Tampa
CUST-07379,Lisa  Robinson,Bristol
CUST-01260,John  Perez,Buffalo
CUST-05341,Sarah  Martin,Madison
CUST-01624,Joshua  Mitchell,Greenville
CUST-07631,Anthony  Carter,Greenville
CUST-07305,Michael  Nelson,San Francisco
CUST-03118,Matthew  Scott,Salem
CUST-05629,Emily  Campbell,Georgetown
CUST-05264,Anthony  Martin,Bristol
CUST-08879,David  Smith,Clinton
CUST-03347,William  Brown,Bristol
CUST-04335,Edward  Turner,Durham
CUST-04807,Ashley  Nelson,Greenville
CUST-06002,Daniel  Jones,Bristol
CUST-03391,Linda  Sanchez,Fairview
CUST-03069,Margaret  Garcia,Toledo
CUST-02868,Donald  Turner,Salem
CUST-07077,Andrew  Baker,Georgetown
CUST-07163,Joshua  Smith,Bristol
CUST-02583,Sarah  Jones,Bristol
CUST-05591,Karen  Johnson,Madison
CUST-07688,Joseph  Lewis,Bristol
CUST-04144,Karen  King,Georgetown
CUST-05566,Patricia  Thompson,Durham
CUST-08890,Ronald  Jones,Georgetown
CUST-06525,Lisa  Hall,Cleveland
CUST-06184,Mary  Hall,Salem
CUST-03940,Linda  Carter,Springfield
CUST-02959,Sharon  Carter,Salem
CUST-02621,Joshua  Carter,Springfield
CUST-01828,Carol  Anderson,Clinton
CUST-04056,Barbara  Carter,Madison
CUST-03215,Paul  Thomas,Tacoma
CUST-07938,Jennifer  Young,Madison
CUST-05990,Robert  Johnson,Bristol
CUST-01525,William  Wilson,Fairview
CUST-02908,Carol  Brown,Greenville
CUST-05646,Barbara  Thomas,Clinton
CUST-06600,Edward  Miller,Clinton
CUST-07133,Ronald  Scott,Bristol
CUST-03166,Anthony  Taylor,Salem
CUST-06136,James  Jackson,Bristol
CUST-06170,Laura  White,Greenville
CUST-06392,Donna  Jackson,Salem
CUST-02021,Ronald  Johnson,Fairview
CUST-01632,David  Young,Madison
CUST-03228,Dorothy  Robinson,Salem
CUST-07145,Sharon  Campbell,Fairview
CUST-05000,Mary  Nelson,Los Angeles
CUST-02314,Emily  Allen,Springfield
CUST-01002,Amanda  Mitchell,Bristol
CUST-05411,Laura  Miller,Naperville
CUST-05434,Betty  Martin,Savannah
CUST-04574,George  Scott,Salem
CUST-02932,Michelle  Miller,Springfield
CUST-05261,Emily  Williams,Raleigh
CUST-02206,Jennifer  Campbell,Bristol
CUST-07577,Donald  Sanchez,Clinton
CUST-08724,Emily  Roberts,Greenville
CUST-04940,Barbara  Campbell,Clinton
CUST-05642,Sandra  Baker,Clinton
CUST-07310,Kimberly  Wright,Augusta
CUST-03424,Amanda  Sanchez,Springfield
CUST-04142,Ronald  Scott,Salem
CUST-07141,Sharon  Robinson,Bristol
CUST-08569,Mark  Mitchell,Springfield
CUST-08746,Andrew  Anderson,Springfield
CUST-02328,Mary  Nelson,Salem
CUST-05944,Sharon  Taylor,Bristol
CUST-07723,George  Green,Fairview
CUST-02703,William  Green,Tacoma
CUST-08221,Ronald  Lee,Madison
CUST-01964,Jennifer  Young,Fairview
CUST-04625,Carol  White,Salem
CUST-04120,Sandra  Johnson,Greenville
CUST-08565,Timothy  Baker,Salem
CUST-05021,Matthew  Martinez,Clinton
CUST-02570,Kevin  Nelson,Buffalo
CUST-01007,Joshua  Baker,Chicago
CUST-05658,Barbara  Hall,Georgetown
CUST-01443,Karen  Anderson,Clinton
CUST-01510,Joseph  Perez,Georgetown
CUST-05135,Andrew  Davis,Atlanta
CUST-08256,Jason  Taylor,Greenville
CUST-03434,Matthew  Thompson,Savannah
CUST-07851,Paul  Brown,Greenville
CUST-04235,Steven  Martinez,Clinton
CUST-04191,Anthony  Anderson,Clinton
CUST-04130,Amanda  Wright,Greenville
CUST-07609,Mark  Williams,Georgetown
CUST-01537,Dorothy  Roberts,Salem
CUST-06197,Joseph  Nelson,Madison
CUST-07932,Karen  Wright,Salem
CUST-01384,Jennifer  Roberts,Georgetown
CUST-06609,Daniel  Martin,Springfield
CUST-06403,William  Phillips,Bristol
CUST-01165,Jessica  Jackson,Clinton
CUST-04530,Patricia  Adams,Springfield
CUST-03642,Kenneth  Phillips,Jacksonville
CUST-05507,Jason  Jackson,Clinton
CUST-07580,Edward  Clark,Allentown
CUST-05630,Emily  Garcia,Clinton
CUST-04619,Donald  Robinson,Georgetown
CUST-06274,Ruth  Thomas,Salem
CUST-01777,Donna  Thomas,Salem
CUST-06801,Michael  Lewis,Greenville
CUST-04180,Kimberly  Jackson,Greenville
CUST-05738,Michelle  Garcia,Greenville
CUST-03917,Paul  Phillips,Madison
CUST-06383,Ronald  Perez,Greenville
CUST-05225,George  Harris,Springfield
CUST-03720,Susan  Allen,Greenville
CUST-05573,Jennifer  Garcia,Clinton
CUST-04114,Jessica  Clark,Seattle
CUST-08836,Jennifer  Martinez,Salem
CUST-07857,William  Adams,Greenville
CUST-07066,Kevin  Brown,Greenville
CUST-04165,Matthew  Baker,Greenville
CUST-04893,Daniel  Phillips,Salem
CUST-06562,Jennifer  Anderson,Clinton
CUST-08616,Patricia  Roberts,Salem
CUST-02289,Barbara  Robinson,Springfield
CUST-05972,Donald  Jackson,Salem
CUST-08501,Thomas  Sanchez,Fairview
CUST-01928,Jason  Garcia,Salem
CUST-07759,Linda  Young,Georgetown
CUST-06384,Steven  Anderson,Georgetown
CUST-08397,Donald  Scott,Salem
CUST-06689,Thomas  Young,Houston
CUST-07332,Sharon  Young,Salem
CUST-04001,Michael  Williams,Madison
CUST-07139,Anthony  Anderson,Greenville
CUST-08062,Dorothy  Allen,San Antonio
CUST-01579,Kenneth  Thomas,Clinton
CUST-04083,Joshua  Jones,Fairview
CUST-02033,Brian  Miller,Salem
CUST-06667,Betty  Lewis,Philadelphia
CUST-05439,Joseph  Brown,Salem
CUST-06050,Patricia  Green,Georgetown
CUST-06962,Joseph  White,Clinton
CUST-04366,Donna  Baker,Macon
CUST-02018,Emily  Hall,Madison
CUST-06327,Linda  Carter,Bristol
CUST-04577,Carol  Smith,Salem
CUST-04263,Edward  Phillips,Madison
CUST-01210,Ruth  Hall,Greenville
CUST-03169,Andrew  Phillips,Fairview
CUST-06332,Steven  Harris,Clinton
CUST-08146,Michael  Williams,Madison
CUST-05294,Thomas  Clark,Springfield
CUST-08442,Kenneth  Scott,Springfield
CUST-04043,Karen  Jones,Madison
CUST-05860,Linda  Jones,Georgetown
CUST-07171,Karen  Jones,Madison
CUST-03359,Linda  Wilson,Greenville
CUST-04700,Thomas  Green,San Diego
CUST-04138,Kevin  Hall,Greenville
CUST-01324,Joshua  Harris,Georgetown
CUST-03755,Joseph  Lewis,Georgetown
CUST-07619,Margaret  Green,Salem
CUST-02231,James  Sanchez,Orlando
CUST-02840,Donna  Davis,Madison
CUST-08346,Brian  Mitchell,Fairview
CUST-05977,Brian  Mitchell,Fairview
CUST-07176,Laura  Campbell,Bristol
CUST-08056,Mary  Sanchez,Bristol
CUST-08420,Nancy  Sanchez,Clinton
CUST-03227,Sarah  Anderson,Madison
CUST-02978,Andrew  Wilson,Fairview
CUST-03333,Susan  Wilson,Madison
CUST-02513,Carol  Taylor,Erie
CUST-01842,Sarah  Brown,Greenville
CUST-06953,Barbara  Hall,Salem
CUST-05812,Daniel  Williams,Greenville
CUST-02027,David  Johnson,Salem
CUST-08744,Robert  Wilson,Georgetown
CUST-07480,Jessica  Campbell,Springfield
CUST-08689,William  Williams,Dallas
CUST-06617,Patricia  Campbell,Cleveland
CUST-07882,Robert  Clark,Springfield
CUST-04617,Anthony  Thompson,Bristol
CUST-03039,Donna  Anderson,Clinton
CUST-03820,Sharon  Jones,Augusta
CUST-06104,Timothy  Hall,Bristol
CUST-02841,Anthony  Mitchell,Salem
CUST-07691,Sharon  Nelson,Salem
CUST-07597,Steven  Nelson,Springfield
CUST-05156,Sandra  King,Rochester
CUST-05089,Ronald  Mitchell,Bristol
CUST-08622,Joshua  Jackson,Cincinnati
CUST-03302,Kimberly  Nelson,Fairview
CUST-08063,Sandra  Clark,Georgetown
CUST-05479,Timothy  Mitchell,Fairview
CUST-06947,Mary  Davis,Springfield
CUST-08312,Betty  Martinez,Salem
CUST-06143,Lisa  Mitchell,Bellevue
CUST-01900,Matthew  Turner,Greenville
CUST-08865,Sandra  Taylor,Springfield
CUST-07042,Emily  Wilson,Springfield
CUST-03614,Jennifer  Allen,Georgetown
CUST-05108,Joseph  Johnson,Seattle
CUST-07065,Karen  Scott,Greenville
CUST-04134,John  Turner,Georgetown
CUST-04783,Kevin  Miller,San Antonio
CUST-08966,Margaret  Roberts,Atlanta
CUST-02476,George  Johnson,Macon
CUST-05852,Steven  Robinson,Greensboro
CUST-05788,Joshua  Taylor,Fairview
CUST-04992,Margaret  Scott,Cincinnati
CUST-01843,Lisa  Robinson,Los Angeles
CUST-03256,Ruth  Wright,Springfield
CUST-04635,Lisa  Sanchez,Fairview
CUST-02753,Kevin  Scott,Salem
CUST-01364,Sandra  Green,Fairview
CUST-01599,Donald  Roberts,Salem
CUST-02290,Thomas  Campbell,Fairview
CUST-05299,Margaret  Turner,Clinton
CUST-03474,Jessica  Carter,Clinton
CUST-06417,Robert  Adams,Bristol
CUST-06429,Kimberly  Garcia,Greenville
CUST-04780,Michelle  Brown,Salem
CUST-05156,Jessica  Clark,Springfield
CUST-05982,Daniel  Anderson,Georgetown
CUST-01308,Betty  Lewis,Salem
CUST-04215,George  Roberts,Los Angeles
CUST-03775,Steven  Phillips,Springfield
CUST-08117,Michael  Martin,Clinton
CUST-07226,Amanda  Turner,Greenville
CUST-03729,Carol  Brown,Clinton
CUST-02638,Kenneth  Thompson,Georgetown
CUST-08732,Linda  Young,Philadelphia
CUST-03424,Emily  Baker,San Antonio
CUST-06459,Betty  Mitchell,Fairview
CUST-07302,Steven  White,Bristol
CUST-06184,Emily  Jones,Albany
CUST-07833,Ronald  Miller,Greenville
CUST-08824,Barbara  Davis,Greenville
CUST-03503,Anthony  Young,Georgetown
CUST-02486,Betty  Anderson,Fairview
CUST-01636,Daniel  Scott,Springfield
CUST-01528,William  Hall,Fairview
CUST-03400,Margaret  Smith,Georgetown
CUST-02425,Mark  Green,Rochester
CUST-08076,Kimberly  Campbell,Springfield
CUST-03590,John  Smith,Georgetown
CUST-08175,Carol  Martin,Madison
CUST-08717,Jason  Anderson,Bristol
CUST-07516,Daniel  Phillips,Salem
CUST-06770,Thomas  Nelson,Georgetown
CUST-05617,Sandra  Taylor,Macon
CUST-04740,Sandra  Mitchell,Bristol
CUST-07024,Susan  Turner,Tampa
CUST-05735,Emily  Taylor,Madison
CUST-05240,Thomas  Scott,Georgetown
CUST-05650,Dorothy  Wilson,Springfield
CUST-06836,Laura  Mitchell,Salem
CUST-05284,William  Jackson,Springfield
CUST-03588,Donald  Martinez,Georgetown
CUST-06928,Emily  Lewis,Fairview
CUST-05018,Timothy  Clark,Clinton
CUST-03189,Amanda  Adams,Greenville
CUST-06479,Mark  Thompson,Fairview
CUST-03038,Steven  Jackson,Bristol
CUST-02949,Amanda  Smith,Clinton
CUST-06170,Robert  Hall,Fairview
CUST-08919,Daniel  King,Georgetown
CUST-02607,Timothy  Campbell,Atlanta
CUST-08366,Patricia  Lee,Georgetown
CUST-01263,Ronald  Carter,Greenville
CUST-01673,Ronald  Sanchez,Madison
CUST-07129,Sarah  Jones,Joliet
CUST-04244,Barbara  Allen,Miami
CUST-05502,Jennifer  Taylor,Salem
CUST-04277,Carol  Williams,Georgetown
CUST-08553,Timothy  Robinson,Fairview
CUST-02066,Ashley  Jackson,Bristol
CUST-02640,Kimberly  Nelson,New York City
CUST-07971,Jason  Smith,Joliet
CUST-08181,Kenneth  Green,Miami
CUST-02416,Kimberly  Martin,Spokane
CUST-06928,Michelle  Wilson,Georgetown
CUST-05438,Sharon  King,Springfield
CUST-08226,David  Campbell,Fairview
CUST-08289,Michelle  Allen,Clinton
CUST-07881,Emily  Wilson,Greenville
CUST-03914,Brian  Perez,Orlando
CUST-06967,Michelle  Anderson,Greenville
CUST-06826,Dorothy  Lewis,Fairview
CUST-02368,Edward  Scott,Salem
CUST-07939,Robert  Harris,Salem
CUST-03647,Andrew  Turner,Fairview
CUST-01026,Thomas  Adams,Albany
CUST-06534,John  Young,Springfield
CUST-08208,Ruth  Scott,Georgetown
CUST-04547,Sarah  Sanchez,Salem
CUST-02397,Paul  Allen,Clinton
CUST-07989,Ruth  Smith,Madison
CUST-06380,Jennifer  Lewis,Fairview
CUST-02013,Andrew  Scott,Salem
CUST-03860,Linda  Sanchez,Salem
CUST-02347,Barbara  Johnson,Fairview
CUST-03115,John  Allen,Clinton
CUST-03753,Kevin  Jackson,Erie
CUST-01655,Brian  Turner,Madison
CUST-01513,Karen  Sanchez,Fairview
CUST-08077,Jason  Thomas,Salem
CUST-08344,James  Hall,Greenville
CUST-07401,Sharon  Roberts,Bristol
CUST-04020,Donald  Garcia,Raleigh
CUST-06967,Sarah  Martinez,Clinton
CUST-02983,Carol  Turner,Georgetown
CUST-05452,Betty  Green,Salem
CUST-05409,David  Garcia,Clinton
CUST-06119,Linda  Allen,Salem
CUST-06965,Thomas  Martinez,Springfield
CUST-04969,Robert  Johnson,Greenville
CUST-07089,Emily  Campbell,Madison
CUST-04648,Mary  Anderson,Madison
CUST-08230,Ruth  Young,Tacoma
CUST-03571,Joshua  Carter,Chicago
CUST-07554,Linda  Sanchez,Bristol
CUST-07511,Amanda  Davis,Salem
CUST-02362,Kevin  Thompson,Spokane
CUST-03493,Nancy  Mitchell,Georgetown
CUST-01309,Jennifer  Martin,Georgetown
CUST-02231,Margaret  White,Fairview
CUST-06906,Jason  Perez,Salem
CUST-05060,Michelle  Miller,Bristol
CUST-08958,Sandra  Perez,Georgetown
CUST-06183,Nancy  Allen,Clinton
CUST-08570,Robert  Wilson,Sacramento
CUST-05924,Joseph  Allen,Clinton
CUST-06980,Timothy  Perez,Fairview
CUST-02075,David  Robinson,Georgetown
CUST-02117,Emily  Turner,Raleigh
CUST-03186,Amanda  Hall,Greenville
CUST-04007,Margaret  Williams,Bristol
CUST-06735,Barbara  Nelson,Charlotte
CUST-02056,Margaret  Harris,Bristol
CUST-03812,John  Martinez,Georgetown
CUST-07368,Kimberly  Young,Greenville
CUST-07748,Matthew  Garcia,Orlando
CUST-07827,Margaret  Lee,Clinton
CUST-07267,Michael  Campbell,Salem
CUST-08922,Sarah  Jackson,Springfield
CUST-04021,Robert  Davis,Greenville
CUST-01599,Kimberly  Perez,Salem
CUST-03169,Sharon  Sanchez,Bristol
CUST-07414,Jennifer  Johnson,Seattle
CUST-02376,Kimberly  Smith,Springfield
CUST-05229,Mary  Baker,Greenville
CUST-07060,Andrew  Roberts,Springfield
CUST-04722,Betty  Jackson,Salem
CUST-06671,Edward  King,Springfield
CUST-01007,Brian  Robinson,Fairview
CUST-07478,Anthony  Harris,Madison
CUST-02197,Jennifer  Garcia,Madison
CUST-08884,Michelle  Young,Springfield
CUST-04232,Michelle  Carter,Clinton
CUST-01086,Sandra  Phillips,Springfield
CUST-03270,Donna  Clark,Fairview
CUST-06596,Robert  Jackson,Georgetown
CUST-01092,Mary  Scott,Fairview
CUST-05834,Emily  Baker,Salem
CUST-03129,Karen  Young,Tacoma
CUST-02696,Ronald  Garcia,Salem
CUST-06957,Donald  Lewis,Springfield
CUST-01671,Kenneth  Martinez,Durham
CUST-05859,Thomas  Turner,Madison
CUST-08796,Ruth  Smith,Savannah
CUST-03601,Donna  Smith,Georgetown
CUST-03760,George  Davis,Georgetown
CUST-01328,John  Thompson,Georgetown
CUST-05623,Timothy  Brown,Bellevue
CUST-02775,Michelle  King,Philadelphia
CUST-03980,Barbara  Jones,Bristol
CUST-01556,Jennifer  Baker,Fairview
CUST-02725,David  Carter,Madison
CUST-01669,Michelle  Lee,Clinton
CUST-04576,Anthony  Robinson,Clinton
CUST-05926,Susan  Allen,Georgetown
CUST-01676,Lisa  Brown,Madison
CUST-04698,Joseph  Scott,Clinton
CUST-02327,Kevin  Scott,Fairview
CUST-08449,Jessica  Johnson,Georgetown
CUST-01252,Susan  Green,Clinton
CUST-08319,Margaret  Hall,Greenville
CUST-07636,Thomas  Taylor,Fairview
CUST-03284,Daniel  Turner,Atlanta
CUST-05413,Donna  Hall,Madison
CUST-03368,David  Perez,Clinton
CUST-06364,Jennifer  Nelson,Columbus
CUST-03719,Steven  Young,Fairview
CUST-04190,Paul  Lee,Fairview
CUST-02720,Kimberly  Jones,Bristol
CUST-05700,Joseph  Taylor,Madison
CUST-05124,Ronald  Hall,Aurora
CUST-07946,Betty  Smith,Albany
CUST-06661,Mark  Martinez,Fairview
CUST-01241,James  Jackson,Salem
CUST-05596,Jennifer  Smith,Madison
CUST-07258,Ronald  Sanchez,Fairview
CUST-02671,Karen  Davis,Clinton
CUST-02063,Karen  Carter,Springfield
CUST-08523,Sandra  Thompson,Georgetown
CUST-05539,Laura  Phillips,Springfield
CUST-02569,Jennifer  Harris,Spokane
CUST-07222,Thomas  Baker,Salem
CUST-01987,Ruth  Scott,Clinton
CUST-01698,Paul  Jones,Springfield
CUST-05835,Kenneth  Anderson,San Antonio
CUST-01299,Ashley  Garcia,Clinton
CUST-07826,Edward  Williams,Bristol
CUST-07756,Robert  Turner,Springfield
CUST-05786,Kenneth  Johnson,Clinton
CUST-06593,Michael  Taylor,Greenville
CUST-07967,Steven  Perez,Madison
CUST-01228,Donald  Thompson,Springfield
CUST-02491,Kenneth  Thompson,Fairview
CUST-06025,Paul  Clark,Clinton
CUST-05844,Amanda  Perez,Orlando
CUST-06988,Linda  Jackson,Clinton
CUST-06339,Lisa  Jones,Madison
CUST-03403,Emily  Lee,Fairview
CUST-05554,Robert  Martinez,Springfield
CUST-03355,Lisa  Thomas,Springfield
CUST-05180,Thomas  Jones,Salem
CUST-07854,Donna  Baker,Springfield
CUST-08820,Michael  Jones,Clinton
CUST-02677,Sarah  Martin,Salem
CUST-02684,Ronald  Davis,Salem
CUST-02760,Anthony  Williams,Springfield
CUST-07753,Emily  Smith,Georgetown
CUST-03725,Steven  Hall,Madison
CUST-05623,David  Turner,Georgetown
CUST-06959,Donald  Carter,Georgetown
CUST-06283,Thomas  Thomas,Bristol
CUST-07426,Amanda  Perez,Fairview
CUST-08138,Sarah  Harris,Naperville
CUST-03493,Daniel  Robinson,Fairview
CUST-07636,Carol  Carter,Clinton
CUST-02814,Ronald  Robinson,Tampa
CUST-04455,William  Wright,Cleveland
CUST-04327,Steven  Jones,Greenville
CUST-08825,Betty  Mitchell,Madison
CUST-08471,Lisa  Allen,Fairview
CUST-05945,Lisa  Phillips,Macon
CUST-04879,Lisa  Roberts,Greenville
CUST-05957,Sharon  Lee,Bristol
CUST-06129,Donna  Wright,Madison
CUST-08387,Nancy  Hall,Madison
CUST-07644,Jason  Taylor,Salem
CUST-06793,Kimberly  Martinez,Madison
CUST-04944,Ronald  Perez,Madison
CUST-07879,Jessica  Clark,Springfield
CUST-05834,Mary  Adams,Georgetown
CUST-03937,Linda  Garcia,Fairview
CUST-02642,Ruth  Davis,Bristol
CUST-02786,Matthew  Baker,Salem
CUST-03705,Joseph  Allen,Springfield
CUST-02790,Timothy  Lee,Bristol
CUST-01027,Jessica  Carter,Greensboro
CUST-03916,Emily  Turner,Fairview
CUST-08668,Daniel  Phillips,Georgetown
CUST-03669,Timothy  Roberts,Erie
CUST-04967,Michael  Adams,Salem
CUST-06782,Dorothy  Robinson,Augusta
CUST-05945,Lisa  Young,Raleigh
CUST-05636,Ronald  Wright,Madison
CUST-02176,Nancy  Turner,Springfield
CUST-01240,Daniel  Hall,Salem
CUST-07952,Michael  Green,Salem
CUST-08729,Donald  Campbell,Cincinnati
CUST-06157,Sharon  Clark,Bristol
CUST-04581,Steven  Lee,Clinton
CUST-02116,Sandra  Taylor,Georgetown
CUST-03998,Joseph  Davis,Madison
CUST-03510,Sandra  White,Georgetown
CUST-03682,Nancy  Adams,Austin
CUST-06383,Michelle  Baker,Dallas
CUST-02147,Joseph  Jones,Georgetown
CUST-06489,Kevin  Taylor,Cleveland
CUST-08087,Timothy  Brown,Jacksonville
CUST-05650,James  Anderson,Bristol
CUST-06217,Donald  Robinson,Spokane
CUST-07060,Robert  Adams,Bristol
CUST-06406,Betty  Thompson,Clinton
CUST-07064,Patricia  Thomas,Salem
CUST-07178,Jessica  Young,Madison
CUST-01719,Betty  Baker,Georgetown
CUST-02177,George  Smith,Clinton
CUST-01866,John  Smith,Georgetown
CUST-03654,Jennifer  Smith,Dallas
CUST-08911,Laura  Robinson,Los Angeles
CUST-05078,Michelle  Garcia,Springfield
CUST-01752,Paul  Mitchell,Salem
CUST-04560,Jason  Williams,Madison
CUST-02266,Ruth  Clark,Fairview
CUST-06669,Laura  Green,Salem
CUST-05781,Thomas  Harris,Bristol
CUST-04015,Kevin  Taylor,Seattle
CUST-05689,Barbara  Hall,Fairview
CUST-02071,Betty  Smith,Georgetown
CUST-06866,Andrew  Harris,Madison
CUST-01623,Michael  Brown,Aurora
CUST-03394,David  Mitchell,Clinton
CUST-07595,Kenneth  Young,Madison
CUST-06553,Sharon  Campbell,Salem
CUST-08489,Brian  Turner,Fairview
CUST-05064,Lisa  Mitchell,Bristol
CUST-04085,Matthew  Adams,Salem
CUST-06138,Sharon  Taylor,Salem
CUST-01874,Susan  Scott,Greenville
CUST-06888,Sarah  Wilson,Clinton
CUST-07664,Jennifer  Perez,Georgetown
CUST-05240,Donna  Perez,Georgetown
CUST-07844,Edward  Harris,Springfield
CUST-07025,John  Smith,Madison
CUST-06767,Donald  Taylor,Greenville
CUST-02584,Betty  Scott,Georgetown
CUST-01877,Carol  Brown,Greenville
CUST-03845,George  Allen,Fairview
CUST-04837,Jessica  Wright,Salem
CUST-05999,Mary  Phillips,Salem
CUST-08548,James  Thomas,Spokane
CUST-06700,Susan  Smith,Madison
CUST-05634,Paul  Turner,Bristol
CUST-04368,Michelle  Jones,Sacramento
CUST-01421,Matthew  Lee,Fairview
CUST-08289,Joshua  Perez,Springfield
CUST-01539,Michelle  Phillips,Salem
CUST-02224,Barbara  Carter,Augusta
CUST-05826,Joseph  Smith,Madison
CUST-05189,Barbara  Green,Greenville
CUST-03524,Robert  Phillips,Clinton
CUST-07367,Carol  Campbell,Bellevue
CUST-01724,John  Thomas,Springfield
CUST-01578,Kimberly  Robinson,Salem
CUST-04801,Joseph  Jackson,Bristol
CUST-01437,Daniel  Campbell,Clinton
CUST-06365,Betty  Martin,Bristol
CUST-08949,Michael  Clark,Georgetown
CUST-02894,Susan  Martin,Fairview
CUST-01438,Matthew  Clark,Madison
CUST-05240,Sarah  Jackson,Springfield
CUST-05047,Patricia  Robinson,Bristol
CUST-08814,George  Smith,Salem
CUST-01084,Donald  Roberts,Greenville
CUST-01058,George  Anderson,Toledo
CUST-02681,Joshua  Martin,Clinton
CUST-06965,Mary  Allen,Charlotte
CUST-03173,Donna  Wright,Clinton
CUST-02548,Ashley  Phillips,Georgetown
CUST-04222,Jason  Williams,Toledo
CUST-06285,Mary  Clark,Fairview
CUST-02625,Jessica  Perez,Fairview
CUST-01845,Ashley  Scott,Georgetown
CUST-04135,William  Thompson,Madison
CUST-01539,Paul  Williams,Los Angeles
CUST-01587,Jennifer  Young,Springfield
CUST-06329,Kevin  Taylor,Greenville
CUST-05817,Barbara  King,Fairview
CUST-02901,Sandra  Johnson,Salem
CUST-06999,Sandra  Green,Naperville
CUST-01162,Joseph  Hall,Salem
CUST-02878,Linda  Lee,Georgetown
CUST-07868,James  Carter,Springfield
CUST-07268,Steven  Harris,Madison
CUST-03660,Paul  Clark,Bristol
CUST-02362,Jessica  White,Georgetown
CUST-03074,Robert  Adams,Springfield
CUST-07317,David  Campbell,Fairview
CUST-04181,Nancy  Scott,Clinton
CUST-05229,Anthony  Anderson,San Francisco
CUST-08691,Jessica  Jackson,Greenville
CUST-08932,Ashley  Smith,Springfield
CUST-03529,Thomas  Brown,Georgetown
CUST-05353,Mark  Jones,Springfield
CUST-01910,Nancy  Baker,Greenville
CUST-06997,Sandra  Baker,Greenville
CUST-02755,Jessica  Roberts,Clinton
CUST-04668,Jessica  Adams,Madison
CUST-01193,Nancy  Nelson,Clinton
CUST-07680,Timothy  King,Georgetown
CUST-04241,Jason  Carter,Bristol
CUST-06521,Michael  Wright,Madison
CUST-02437,Michelle  Turner,Bristol
CUST-05883,Sharon  Thompson,Clinton
CUST-08149,Joshua  Perez,Greenville
CUST-04542,George  Jones,Erie
CUST-05231,Jessica  Williams,Springfield
CUST-06091,Joseph  Perez,Greenville
CUST-03523,Jason  Young,Salem
CUST-03599,Edward  Thompson,Fairview
CUST-05590,Joshua  Campbell,Tampa
CUST-07079,William  Turner,Fairview
CUST-02496,Emily  Lee,Bristol
CUST-06272,Jessica  Mitchell,Charlotte
CUST-05933,Susan  Johnson,Toledo
CUST-03650,Jennifer  Green,Madison
CUST-04471,Brian  Scott,San Antonio
CUST-03291,Dorothy  Young,Fairview
CUST-05382,Robert  Campbell,Salem
CUST-05458,Patricia  Green,Los Angeles
CUST-06185,Kevin  Mitchell,Greenville
CUST-05668,David  Clark,Salem
CUST-08709,Thomas  Perez,Greenville
CUST-03808,Jessica  Thomas,Madison
CUST-05403,Jennifer  Perez,Greenville
CUST-06633,Betty  Robinson,Springfield
CUST-06783,Donald  Johnson,Greenville
CUST-01338,Sarah  Campbell,Georgetown
CUST-07123,Karen  Clark,Springfield
CUST-03125,Daniel  Turner,Clinton
CUST-05933,Sandra  Green,Bristol
CUST-06082,Andrew  Thomas,Clinton
CUST-03629,Joshua  Jackson,Toledo
CUST-06269,Karen  Carter,Fairview
CUST-08742,Margaret  Young,Madison
CUST-06261,Ronald  Harris,New York City
CUST-02031,Dorothy  Thomas,Bristol
CUST-01200,Andrew  Taylor,Durham
CUST-07386,Daniel  Miller,Greenville
CUST-08351,Sharon  Campbell,San Francisco
CUST-03890,Donna  Wilson,Naperville
CUST-07049,James  Thompson,Georgetown
CUST-07866,Donald  Lee,Clinton
CUST-05312,Donna  White,Clinton
CUST-01957,Andrew  King,Georgetown
CUST-07549,Edward  Carter,Salem
CUST-07491,James  Johnson,Greenville
CUST-08797,Sarah  Lewis,Savannah
CUST-08574,Daniel  Nelson,Fairview
CUST-05034,Edward  Miller,Georgetown
CUST-06791,Dorothy  Robinson,Bristol
CUST-04880,Jason  Allen,Springfield
CUST-06656,Jason  Phillips,Clinton
CUST-05880,Sharon  Nelson,Madison
CUST-08848,Kimberly  King,Fairview
CUST-03448,Matthew  Thompson,Clinton
CUST-08427,Jessica  Clark,Greenville
CUST-03239,Michael  Jones,Bristol
CUST-08116,James  Wright,Madison
CUST-01265,Laura  Anderson,Atlanta
CUST-02068,Joseph  Jones,Clinton
CUST-03362,Steven  Miller,Bristol
CUST-05059,John  Martin,Durham
CUST-01083,Susan  Allen,Fairview
CUST-07434,Sarah  Scott,Salem
CUST-04452,Carol  Thomas,Houston
CUST-08772,Michael  Turner,Georgetown
CUST-08803,Ronald  Thomas,Greenville
CUST-01798,Sandra  Baker,Bristol
CUST-02880,Karen  Turner,Clinton
CUST-02490,Dorothy  King,Seattle
CUST-08052,David  Davis,Springfield
CUST-05657,Mark  Taylor,Fairview
CUST-02137,Kenneth  Thompson,Clinton
CUST-01461,Matthew  Lee,Bellevue
CUST-08100,Joshua  Green,Greenville
CUST-02134,Timothy  Perez,Greenville
CUST-02745,Donald  Jones,Raleigh
CUST-07056,Carol  Scott,Bristol
CUST-06023,Steven  Davis,Greenville
CUST-07133,Sandra  Thompson,Sacramento
CUST-05452,Sharon  Turner,Madison
CUST-06796,Donna  Sanchez,Salem
CUST-06410,Ruth  Wilson,Fairview
CUST-03890,Ronald  Davis,Fairview
CUST-03777,Mary  Green,Clinton
CUST-02564,Timothy  Carter,Georgetown
CUST-02703,Joshua  Martinez,Clinton
CUST-04682,Jennifer  Robinson,Raleigh
CUST-04762,Mary  Carter,Greensboro
CUST-06464,Jessica  Nelson,Springfield
CUST-05127,Ronald  Phillips,Bristol
CUST-02629,Laura  Jones,Fairview
CUST-08313,Laura  Mitchell,Madison
CUST-01751,Amanda  Martinez,Fairview
CUST-04162,Lisa  Davis,Clinton
CUST-06423,Emily  Williams,Springfield
CUST-03686,Donna  Allen,Augusta
CUST-02157,Daniel  Harris,Georgetown
CUST-05129,Donna  Scott,Allentown
CUST-03836,Jennifer  Hall,Georgetown
CUST-05547,Jennifer  Sanchez,Pittsburgh
CUST-03983,Jason  Campbell,Fairview
CUST-08044,James  Jones,Clinton
CUST-05437,Jessica  Miller,Los Angeles
CUST-05853,Brian  Young,Clinton
CUST-08398,Steven  Campbell,Springfield
CUST-01234,Carol  Campbell,Salem
CUST-03836,Betty  Campbell,Joliet
CUST-05266,Lisa  Thompson,Georgetown
CUST-07207,Thomas  King,Madison
CUST-02846,Betty  Johnson,Bristol
CUST-04720,Ashley  Hall,Bristol
CUST-05693,Robert  Baker,Madison
CUST-03776,John  Allen,Bristol
CUST-01321,Sharon  Garcia,Georgetown
CUST-07375,Donna  Carter,Greenville
CUST-08076,Ashley  Williams,Georgetown
CUST-01541,Dorothy  Martin,Greenville
CUST-01738,Karen  Williams,Madison
CUST-01973,Laura  Jackson,Bristol
CUST-07201,Carol  Turner,Georgetown
CUST-06613,Steven  Smith,Bristol
CUST-02457,Daniel  White,Bristol
CUST-06680,James  Adams,Philadelphia
CUST-02226,Daniel  Martin,Clinton
CUST-03548,Brian  Johnson,Madison
CUST-03906,Brian  Roberts,Jacksonville
CUST-06535,Sarah  Garcia,Clinton
CUST-05618,Betty  Scott,Bristol
CUST-04798,Betty  Perez,Madison
CUST-08348,Patricia  Lee,Joliet
CUST-01345,Dorothy  Adams,Fairview
CUST-03335,Jason  Clark,Madison
CUST-02804,Laura  White,Clinton
CUST-02199,Sarah  Taylor,Los Angeles
CUST-08467,Laura  Nelson,Los Angeles
CUST-02982,Amanda  Baker,Madison
CUST-04001,Susan  Roberts,Salem
CUST-04210,Joshua  Williams,Toledo
CUST-08909,Joshua  Lewis,Madison
CUST-03325,Thomas  Jackson,Madison
CUST-06436,Timothy  Adams,Fairview
CUST-06995,Jason  Baker,Raleigh
CUST-07378,Steven  Wright,Cleveland
CUST-01065,Brian  Green,Fairview
CUST-06602,Karen  Martin,San Diego
CUST-08672,Ronald  Wright,Salem
CUST-08586,Donna  Young,Fairview
CUST-06931,Sharon  Perez,Pittsburgh
CUST-03834,Nancy  Lee,Madison
CUST-01327,Timothy  Miller,Fairview
CUST-03177,Brian  Lee,Salem
CUST-07395,Barbara  Young,Fairview
CUST-07083,Sandra  Roberts,Greenville
CUST-02194,Brian  Martin,Springfield
CUST-03778,Edward  Taylor,Greensboro
CUST-07667,George  Campbell,Madison
CUST-04688,Susan  Nelson,Greenville
CUST-06653,Robert  Mitchell,Austin
CUST-07520,Jennifer  Taylor,Macon
CUST-05974,Ronald  Lewis,Clinton
CUST-01956,David  Johnson,Georgetown
CUST-01717,Kenneth  Anderson,Madison
CUST-04861,Carol  Young,Fairview
CUST-03272,Steven  Hall,Greenville
CUST-08195,Steven  Thomas,Georgetown
CUST-08679,Susan  Miller,Miami
CUST-02595,Brian  Miller,Fairview
CUST-07149,Michael  Brown,Bristol
CUST-06436,George  Green,Springfield
CUST-05021,Linda  Anderson,Greenville
CUST-01961,Linda  Allen,Greenville
CUST-02102,Amanda  Adams,Bristol
CUST-08823,Matthew  Taylor,Greenville
CUST-02689,Andrew  Phillips,New York City
CUST-05321,Ruth  Young,New York City
CUST-06623,James  Williams,Springfield
CUST-01164,Joshua  Adams,Jacksonville
CUST-06442,Emily  Robinson,Bristol
CUST-02314,Kevin  Davis,Greenville
CUST-02317,Andrew  White,Salem
CUST-05769,Betty  Green,Fairview
CUST-08737,Timothy  Adams,San Francisco
CUST-01795,Kenneth  Thompson,Madison
CUST-05570,Ashley  Thompson,Durham
CUST-06285,Lisa  Miller,Salem
CUST-08279,Thomas  Martinez,Clinton
CUST-02112,Andrew  Garcia,Salem
CUST-06921,Jessica  Thomas,Georgetown
CUST-06014,Michael  Carter,Georgetown
CUST-03706,Dorothy  King,Clinton
CUST-03599,Joseph  Williams,Greenville
CUST-04236,Andrew  Perez,Georgetown
CUST-08804,Jessica  Adams,Madison
CUST-08325,Linda  Davis,Fairview
CUST-02437,Dorothy  Johnson,Seattle
CUST-03969,Jason  White,Madison
CUST-07716,Donna  Scott,Atlanta
CUST-08132,Kevin  White,San Antonio
CUST-08894,Michael  Carter,Miami
CUST-05094,William  Taylor,Clinton
CUST-06401,Carol  Perez,Georgetown
CUST-08442,Lisa  Adams,Georgetown
CUST-06871,Sharon  Wilson,Fairview
CUST-06479,Michelle  Martinez,Albany
CUST-04216,Barbara  Brown,Bristol
CUST-02404,Barbara  Williams,Springfield
CUST-01326,David  Roberts,Salem
CUST-01436,Michael  Young,Clinton
CUST-07660,Robert  Garcia,Fairview
CUST-03265,Betty  Carter,Georgetown
CUST-01336,Jennifer  Jones,Springfield
CUST-05548,Jessica  Campbell,Bristol
CUST-04459,Joshua  Williams,Salem
CUST-01490,Anthony  Green,Greenville
CUST-04568,Sharon  Robinson,Orlando
CUST-03147,Joshua  Nelson,Fairview
CUST-07862,Mary  Young,Springfield
CUST-05958,Patricia  Lewis,Salem
CUST-05974,Kimberly  Martinez,Madison
CUST-05307,Paul  Smith,Naperville
CUST-06907,Laura  Wilson,Georgetown
CUST-07720,Ashley  Scott,Madison
CUST-07521,Donna  Harris,Atlanta
CUST-01870,Michelle  Sanchez,Bellevue
CUST-05903,Robert  Clark,Fairview
CUST-08873,Anthony  Wilson,Springfield
CUST-08863,Margaret  Martinez,Greenville
CUST-03885,Lisa  Mitchell,Clinton
CUST-08006,Joshua  Perez,Fairview
CUST-04230,Barbara  Wilson,Clinton
CUST-02802,Kimberly  Campbell,Madison
CUST-08498,Ruth  Thomas,Madison
CUST-01755,Jessica  Taylor,Clinton
CUST-08684,Mary  Anderson,Clinton
CUST-08831,Susan  Clark,Georgetown
CUST-03288,Sandra  Johnson,Madison
CUST-05234,Karen  Clark,Springfield
CUST-07460,Amanda  Campbell,Aurora
CUST-07152,Jennifer  Baker,Miami
CUST-08296,Kimberly  Phillips,Philadelphia
CUST-07901,James  Jones,Salem
CUST-07598,William  Taylor,Clinton
CUST-04787,Timothy  Robinson,Greenville
CUST-04521,Donald  Nelson,Greenville
CUST-01382,Donald  Brown,Georgetown
CUST-05816,Jennifer  Allen,Springfield
CUST-02506,Michael  Brown,Springfield
CUST-08048,Edward  Anderson,Georgetown
CUST-08865,Ashley  Williams,Clinton
CUST-03239,John  Lewis,Madison
CUST-01421,Michelle  Lee,Fairview
CUST-02305,Jessica  Perez,San Antonio
CUST-02587,Matthew  Green,Madison
CUST-01155,Matthew  Garcia,Georgetown
CUST-06942,Brian  Martinez,Georgetown
CUST-08765,Paul  Garcia,Greensboro
CUST-08947,Dorothy  Robinson,Albany
CUST-07992,Donald  Thompson,Bristol
CUST-05149,David  Allen,Salem
CUST-01501,Timothy  Smith,Fairview
CUST-03388,Sharon  Carter,Salem
CUST-03452,Kenneth  Baker,Erie
CUST-03091,Sharon  Phillips,Bristol
CUST-07070,Carol  Brown,Philadelphia
CUST-08012,Donna  Green,Madison
CUST-05740,Michael  Robinson,Salem
CUST-01421,Timothy  Roberts,Salem
CUST-01939,Betty  Smith,Salem
CUST-08423,Susan  Martinez,Clinton
CUST-03082,Michael  Jackson,Greenville
CUST-05615,Karen  Robinson,Philadelphia
CUST-06348,Amanda  Robinson,Greenville
CUST-02448,Amanda  Wilson,Fairview
CUST-04559,John  Young,Salem
CUST-07578,Barbara  Mitchell,Madison
CUST-02420,Matthew  Mitchell,Clinton
CUST-07994,Kenneth  Roberts,Bristol
CUST-01815,Linda  Sanchez,Springfield
CUST-01032,Nancy  Brown,Clinton
CUST-04997,Nancy  Sanchez,Los Angeles
CUST-03466,Thomas  King,Clinton
CUST-04780,Dorothy  Thompson,Albany
CUST-01724,Matthew  White,Savannah
CUST-08981,Susan  Harris,Bristol
CUST-05203,Matthew  Wright,Georgetown
CUST-02599,Anthony  Wright,Madison
CUST-06987,Ronald  Adams,Bristol
CUST-04842,Barbara  Jones,Springfield
CUST-04933,Edward  Smith,San Antonio
CUST-02880,Carol  Taylor,Sacramento
CUST-02644,Karen  Robinson,Bristol
CUST-02290,Ashley  White,Toledo
CUST-02518,Timothy  Turner,Bristol
CUST-08187,Edward  Perez,Madison
CUST-08300,Michael  Young,Clinton
CUST-02860,Sharon  Davis,Springfield
CUST-05607,Laura  Perez,Greenville
CUST-04074,Kenneth  Baker,Springfield
CUST-04231,Sandra  Martinez,Bristol
CUST-03367,Ruth  Harris,Springfield
CUST-02885,Brian  Taylor,Fairview
CUST-05416,Andrew  Nelson,Houston
CUST-07313,Lisa  Lee,Clinton
CUST-07139,Linda  Clark,Salem
CUST-03379,Donald  Wilson,Madison
CUST-04835,William  King,Bristol
CUST-08687,Nancy  Taylor,Salem
CUST-04401,Joshua  Baker,Bristol
CUST-02224,Paul  White,Bristol
CUST-01885,Mary  Mitchell,Clinton
CUST-07107,Jennifer  Harris,Greenville
CUST-02590,Michelle  Miller,Springfield
CUST-02917,Sarah  Martin,Georgetown
CUST-06674,Anthony  Davis,Albany
CUST-04696,Mary  Thomas,Greenville
CUST-03014,Joseph  White,San Francisco
CUST-07871,Laura  Jones,Georgetown
CUST-01923,Jessica  Martinez,San Francisco
CUST-04798,Timothy  Johnson,Springfield
CUST-01232,Jason  Jones,Georgetown
CUST-05150,Jason  Phillips,Clinton
CUST-03737,Ruth  Taylor,Georgetown
CUST-07748,Sharon  Wilson,Chicago
CUST-05838,Brian  King,Clinton
CUST-01066,Barbara  Campbell,Madison
CUST-05642,Nancy  Martinez,Greenville
CUST-02172,Joshua  Carter,Madison
CUST-05336,Donna  Jackson,Greenville
CUST-08804,Amanda  Nelson,Bristol
CUST-03465,Kimberly  Young,Springfield
CUST-02210,Carol  Johnson,Clinton
CUST-07006,Sandra  Garcia,Clinton
CUST-08398,Donald  Nelson,Springfield
CUST-06250,Mark  Scott,Madison
CUST-04032,David  Sanchez,Fairview
CUST-07230,Linda  Roberts,Madison
CUST-04278,Kenneth  Turner,Bristol
CUST-05845,Jason  Davis,Bristol
CUST-02283,Ruth  Lee,Greenville
CUST-04056,Andrew  Thomas,Clinton
CUST-01582,William  White,Toledo
CUST-07016,Mary  Clark,Georgetown
CUST-03143,Nancy  Turner,Fairview
CUST-03204,Susan  Perez,Greensboro
CUST-08736,Michelle  Scott,Fairview
CUST-06561,Thomas  Nelson,Salem
CUST-07323,Anthony  Nelson,Greenville
CUST-06556,Kevin  Campbell,Salem
CUST-08629,Michelle  Miller,Salem
CUST-08163,James  Garcia,Bristol
CUST-04250,George  Turner,Georgetown
CUST-06262,Andrew  Baker,Jacksonville
CUST-03171,Robert  Roberts,Madison
CUST-07930,Michael  King,Salem
CUST-08811,Kevin  Harris,Bristol
CUST-04159,John  Young,Springfield
CUST-03480,Sharon  Martin,Georgetown
CUST-05799,Kevin  Lee,Greenville
CUST-02881,Emily  Clark,Fairview
CUST-03067,George  Jackson,Bristol
CUST-01792,Karen  Anderson,Greenville
CUST-07454,Daniel  Wilson,Madison
CUST-04763,Donna  Scott,Greenville
CUST-02674,Joshua  Davis,Madison
CUST-07531,Sharon  Miller,Fairview
CUST-04023,Joseph  Roberts,Greenville
CUST-08584,Laura  Scott,San Antonio
CUST-03878,Margaret  Scott,Georgetown
CUST-08613,George  Roberts,Clinton
CUST-04745,Timothy  Robinson,Greenville
CUST-02284,Linda  Johnson,Greenville
CUST-01904,Mary  Baker,Bristol
CUST-05720,Michelle  King,Georgetown
CUST-05061,Nancy  Nelson,Columbus
CUST-06433,Robert  Wilson,San Antonio
CUST-06574,Lisa  Jackson,Clinton
CUST-07086,Daniel  Wilson,Greenville
CUST-03091,George  Taylor,Madison
CUST-02276,James  Davis,Fairview
CUST-04294,David  Sanchez,Springfield
CUST-01047,George  Smith,Springfield
CUST-03360,Nancy  Wilson,Springfield
CUST-03418,Jessica  Jones,Fairview
CUST-07698,Betty  Anderson,Bristol
CUST-02403,Donna  Lee,Georgetown
CUST-08061,William  Wright,Georgetown
CUST-07051,Barbara  Clark,Clinton
CUST-02104,Amanda  Thomas,San Francisco
CUST-08881,Joseph  Nelson,Bristol
CUST-07896,Emily  Martinez,Madison
CUST-06938,Joshua  Garcia,Clinton
CUST-01470,Steven  Garcia,Clinton
CUST-06888,Kenneth  Harris,Greenville
CUST-06488,Joshua  Robinson,Springfield
CUST-06768,Joshua  Davis,Georgetown
CUST-01612,Paul  Sanchez,Greenville
CUST-05871,Lisa  Turner,Madison
CUST-05481,Joshua  Garcia,Georgetown
CUST-06219,Sharon  Wright,Salem
CUST-05344,Andrew  Campbell,Fairview
CUST-08379,Ruth  Thompson,Madison
CUST-06866,Joseph  Williams,Columbus
CUST-04442,James  Campbell,Springfield
CUST-04848,Lisa  Johnson,Georgetown
CUST-01996,Jennifer  Roberts,Springfield
CUST-05994,Patricia  Allen,Miami
CUST-05454,Anthony  Lee,Georgetown
CUST-06209,Linda  Thompson,Springfield
CUST-02784,Laura  Green,Cincinnati
CUST-07617,Steven  Young,Georgetown
CUST-01584,Donald  White,Salem
CUST-05088,Betty  Harris,Fairview
CUST-01389,Michael  Carter,Springfield
CUST-07242,James  Nelson,Greenville
CUST-04832,Paul  Wright,Fairview
CUST-05327,David  Garcia,Georgetown
CUST-03776,Susan  Thomas,Joliet
CUST-01286,Timothy  Perez,Clinton
CUST-08575,James  Wilson,Rochester
CUST-03258,Kenneth  Lee,Allentown
CUST-05139,Michael  Hall,Georgetown
CUST-06807,Thomas  Allen,Springfield
CUST-06291,Michael  White,Clinton
CUST-01004,Kevin  Brown,Fairview
CUST-02613,Jason  Green,Toledo
CUST-08288,David  Thompson,Springfield
CUST-07366,Robert  Martin,Bellevue
CUST-02919,Edward  Williams,Clinton
CUST-05765,Jennifer  Brown,Bristol
CUST-01821,William  Taylor,Clinton
CUST-03061,Jessica  Roberts,Madison
CUST-02897,James  Roberts,Georgetown
CUST-02045,Karen  Williams,Madison
CUST-03528,Timothy  Hall,Greensboro
CUST-06614,Jason  Campbell,Bristol
CUST-04462,Lisa  Phillips,Clinton
CUST-03502,Betty  King,Bristol
CUST-05935,Dorothy  Anderson,Clinton
CUST-08706,Emily  Smith,Clinton
CUST-02022,Daniel  Garcia,Clinton
CUST-05542,Michelle  Phillips,Miami
CUST-06140,Paul  Young,Madison
CUST-01531,Michelle  Thomas,Madison
CUST-06710,Michelle  Allen,Clinton
CUST-01686,Amanda  Adams,Clinton
CUST-06669,Edward  Smith,Greenville
CUST-01337,Dorothy  Roberts,San Antonio
CUST-02789,Ruth  Martinez,Fairview
CUST-01815,Joseph  Adams,Bristol
CUST-05301,David  Adams,San Francisco
CUST-08248,Kenneth  Brown,Clinton
CUST-05762,Barbara  Robinson,Madison
CUST-03507,Jennifer  Allen,Greenville
CUST-07501,Robert  Turner,Greenville
CUST-07531,Dorothy  Nelson,Georgetown
CUST-03020,Paul  Williams,Salem
CUST-01443,Michael  Campbell,Fairview
CUST-01509,Daniel  King,Greenville
CUST-03039,Jason  Green,Salem
CUST-08723,Karen  Young,Salem
CUST-08295,Laura  Wright,Fairview
CUST-08409,Joshua  Miller,Fairview
CUST-03168,Kimberly  Scott,Salem
CUST-03756,Michelle  Smith,Jacksonville
CUST-08612,Anthony  Lee,Albany
CUST-05667,Jessica  Miller,Miami
CUST-05523,Kevin  Allen,Bristol
CUST-02657,Donald  Adams,Clinton
CUST-02302,Ruth  Phillips,Los Angeles
CUST-05848,Anthony  Davis,Fairview
CUST-08823,Thomas  Lee,Springfield
CUST-02539,Ruth  Sanchez,Springfield
CUST-05840,Susan  Green,Georgetown
CUST-03555,Mark  Davis,Salem
CUST-04621,James  Taylor,Salem
CUST-01008,Carol  Baker,Clinton
CUST-04897,Mark  Perez,Clinton
CUST-05625,Margaret  Robinson,Springfield
CUST-01878,Thomas  Perez,Naperville
CUST-03422,Donald  Clark,Albany
CUST-08896,Donald  White,New York City
CUST-02112,Sharon  Nelson,Georgetown
CUST-02771,Amanda  Harris,Fairview
CUST-06237,John  Martin,Fairview
CUST-05958,Karen  Davis,Greenville
CUST-04801,Joseph  Robinson,Philadelphia
CUST-03029,Michelle  Campbell,Macon
CUST-05679,Karen  King,Chicago
CUST-05145,Sharon  Miller,Clinton
CUST-05930,Jason  Garcia,Springfield
CUST-01903,Sharon  Lewis,Springfield
CUST-05524,Michael  Johnson,Salem
CUST-01447,Sarah  Robinson,San Francisco
CUST-01064,Dorothy  Allen,Raleigh
CUST-07198,Karen  Jackson,Toledo
CUST-04497,Betty  Clark,Dallas
CUST-03530,Carol  Allen,Georgetown
CUST-02287,Kevin  Nelson,Clinton
CUST-06788,Ronald  Wright,Georgetown
CUST-04361,John  Young,Madison
CUST-01550,Lisa  Harris,Fairview
CUST-04227,Anthony  Young,Greenville
CUST-06432,Mary  Scott,Bristol
CUST-05747,Paul  Harris,Springfield
CUST-05336,James  Hall,Salem
CUST-04225,Amanda  Green,Atlanta
CUST-04235,Betty  Nelson,Austin
CUST-02155,Carol  Perez,Greenville
CUST-03624,Donna  Smith,Aurora
CUST-07394,Mary  Taylor,Bristol
CUST-08639,Andrew  Lewis,Madison
CUST-07916,Mary  Thomas,Fairview
CUST-05913,James  Sanchez,Augusta
CUST-03446,Laura  Young,Georgetown
CUST-02841,Joshua  White,Springfield
CUST-02434,Timothy  Garcia,Georgetown
CUST-02893,Michael  King,Salem
CUST-08567,Linda  Johnson,Georgetown
CUST-08105,Ruth  Lewis,Madison
CUST-06240,Thomas  Martin,Greenville
CUST-03648,Brian  Allen,Springfield
CUST-01656,Jessica  Wright,Madison
CUST-01762,Mary  Hall,Bristol
CUST-05772,Daniel  Brown,Bristol
CUST-08895,Jason  Wilson,Clinton
CUST-04647,Joseph  Allen,Bristol
CUST-02309,Betty  Lewis,Georgetown
CUST-02358,Jennifer  Brown,Toledo
CUST-05077,Joshua  Davis,Greenville
CUST-08885,Margaret  Jackson,Bristol
CUST-05052,Kenneth  Jones,Philadelphia
CUST-03248,Matthew  Martinez,Salem
CUST-08723,Steven  Miller,Madison
CUST-06676,Michael  King,Clinton
CUST-05205,Linda  Roberts,Georgetown
CUST-08139,Jennifer  Wright,Tacoma
CUST-07005,Kenneth  Lee,Madison
CUST-07110,George  Baker,Greenville
CUST-04850,Patricia  Green,Bristol
CUST-06206,Nancy  Lewis,Madison
CUST-04503,Kenneth  Wilson,Georgetown
CUST-02875,David  Johnson,Greenville
CUST-03426,Patricia  Phillips,Salem
CUST-01564,Mary  Baker,Georgetown
CUST-08498,John  Mitchell,Fairview
CUST-04843,Ashley  Hall,Georgetown
CUST-08057,James  Brown,Madison
CUST-07351,Amanda  Sanchez,Georgetown
CUST-08438,Jessica  Wright,Salem
CUST-06965,Daniel  Phillips,San Antonio
CUST-04791,William  Adams,Allentown
CUST-06992,Joseph  Garcia,Springfield
CUST-05041,Ruth  Thompson,Fairview
CUST-06045,Sharon  Martin,Greenville
CUST-05596,Timothy  Scott,Greenville
CUST-08514,John  Mitchell,Bristol
CUST-02802,Anthony  Johnson,Madison
CUST-02626,David  Carter,Greenville
CUST-02943,Ashley  Martin,Fairview
CUST-06530,Paul  Thomas,Georgetown
CUST-02989,James  Allen,Los Angeles
CUST-02880,Andrew  Lewis,Fairview
CUST-01118,Daniel  Carter,Georgetown
CUST-08957,James  Young,Greenville
CUST-07647,George  Roberts,Madison
CUST-05358,Barbara  Brown,Bellevue
CUST-02727,Joseph  Garcia,Springfield
CUST-06314,James  Scott,Fairview
CUST-02034,Andrew  Perez,Greenville
CUST-01016,Kenneth  Scott,Columbus
CUST-06983,Matthew  Robinson,Bristol
CUST-03885,David  Miller,Bristol
CUST-06698,Sandra  Wright,Springfield
CUST-05046,Amanda  Taylor,Fairview
CUST-08147,William  Robinson,Springfield
CUST-01975,Lisa  Jones,Springfield
CUST-06049,Donna  King,Philadelphia
CUST-03663,Barbara  Jackson,Bristol
CUST-01034,John  Turner,Madison
CUST-01044,Carol  Scott,Fairview
CUST-02127,Joshua  Adams,Clinton
CUST-01702,Emily  Turner,Georgetown
CUST-03532,George  Brown,Greenville
CUST-01262,Michelle  Baker,Salem
CUST-01775,Susan  King,Greenville
CUST-02667,Michael  Williams,Georgetown
CUST-04246,Sharon  Smith,New York City
CUST-04755,Jason  Garcia,Springfield
CUST-01782,Ronald  Brown,Salem
CUST-04921,Lisa  Phillips,Macon
CUST-05219,Thomas  Young,Joliet
CUST-07518,Sharon  Davis,Georgetown
CUST-03237,Laura  Lewis,Fairview
CUST-01844,Lisa  Smith,Columbus
CUST-01935,Steven  Perez,Albany
CUST-03620,Barbara  Hall,Philadelphia
CUST-04026,Jessica  Scott,Fairview
CUST-01152,Lisa  Perez,Salem
CUST-05070,George  Mitchell,Bristol
CUST-07700,Mary  Lewis,Greenville
CUST-05468,William  Garcia,Fairview
CUST-07522,Sandra  Lewis,Georgetown
CUST-03903,Ruth  Baker,Bristol
CUST-02063,Dorothy  Robinson,Houston
CUST-01366,Sarah  Lewis,Greenville
CUST-08747,William  Smith,Georgetown
CUST-08535,Daniel  Davis,Springfield
CUST-03683,Ashley  Phillips,Bristol
CUST-05519,Linda  Lee,Salem
CUST-03990,Brian  Jones,Salem
CUST-04776,Ruth  Wright,Springfield
CUST-04245,Kevin  Lee,Bristol
CUST-02401,Paul  Campbell,Clinton
CUST-01272,William  Johnson,Madison
CUST-07930,Nancy  Garcia,Salem
CUST-02183,Michelle  Harris,Springfield
CUST-01055,Susan  Turner,Madison
CUST-04811,Sarah  Williams,Salem
CUST-07467,Dorothy  Thomas,Rochester
CUST-01271,George  Thompson,Fairview
CUST-03230,Brian  Adams,Buffalo
CUST-03278,Kimberly  Martin,Fairview
CUST-05610,Daniel  Johnson,Madison
CUST-04022,Jennifer  Taylor,Springfield
CUST-08397,Mark  Green,Madison
CUST-01005,Lisa  Hall,Bristol
CUST-01059,Paul  Turner,Clinton
CUST-07182,Ashley  Perez,Greenville
CUST-08672,Daniel  Jackson,Bristol
CUST-07801,Ashley  Robinson,Tacoma
CUST-08473,David  Perez,Fairview
CUST-04395,Kenneth  Sanchez,Greenville
CUST-05771,Ronald  Young,Springfield
CUST-01972,Michael  Williams,Bristol
CUST-01612,Kevin  Young,Cincinnati
CUST-07863,Joseph  Young,Albany
CUST-08971,Kenneth  Campbell,Springfield
CUST-01788,William  Carter,Clinton
CUST-06521,Laura  Harris,Greenville
CUST-06762,Ronald  Williams,Georgetown
CUST-05931,Linda  Nelson,Bristol
CUST-05476,Jennifer  Thompson,Clinton
CUST-06056,Andrew  Campbell,Fairview
CUST-06559,David  Davis,Clinton
CUST-01745,Kenneth  Carter,Georgetown
CUST-06737,William  Nelson,Bristol
CUST-06347,Jennifer  Williams,San Diego
CUST-02683,Michelle  Thomas,Georgetown
CUST-03832,Karen  Lewis,Clinton
CUST-01177,Andrew  Scott,Clinton
CUST-02236,Robert  Thomas,Salem
CUST-06088,Emily  Harris,Clinton
CUST-04943,Sandra  Perez,Georgetown
CUST-07179,Thomas  Martinez,Salem
CUST-06257,Robert  Carter,Springfield
CUST-04552,Daniel  Scott,Greenville
CUST-07739,Robert  Anderson,Clinton
CUST-02109,Timothy  King,New York City
CUST-01344,Thomas  Garcia,Clinton
CUST-08113,Amanda  Scott,Springfield
CUST-04151,Margaret  Phillips,Georgetown
CUST-04645,William  Phillips,Greenville
CUST-07190,Sharon  Adams,Clinton
CUST-08408,Edward  King,Georgetown
CUST-04965,Daniel  White,Clinton
CUST-03396,Thomas  Sanchez,Orlando
CUST-03649,Patricia  Wright,Clinton
CUST-08848,Nancy  Thompson,Madison
CUST-01620,Sandra  Johnson,Bristol
CUST-07008,Kimberly  White,Salem
CUST-07597,Anthony  Lee,Fairview
CUST-06054,Ashley  White,Rochester
CUST-07346,Edward  Sanchez,Houston
CUST-06145,Ronald  Wilson,Greenville
CUST-01837,Kenneth  Sanchez,Madison
CUST-05656,Ruth  Davis,Bristol
CUST-03190,Thomas  Martinez,Georgetown
CUST-07076,Edward  King,Clinton
CUST-03903,Kevin  Campbell,Greenville
CUST-08012,Linda  Thomas,Salem
CUST-01980,John  Allen,Georgetown
CUST-05742,Donald  Williams,Greensboro
CUST-01362,Patricia  Perez,Salem
CUST-08317,Mark  Miller,Clinton
CUST-05947,Ronald  Clark,Clinton
CUST-07628,Sharon  Carter,Georgetown
CUST-05752,Carol  Jackson,Fairview
CUST-07183,Mark  Martinez,Springfield
CUST-08074,Sarah  White,Clinton
CUST-01441,Mark  Lee,Madison
CUST-01898,Emily  Williams,Georgetown
CUST-08788,Kenneth  Martin,Clinton
CUST-08751,Matthew  Clark,Fairview
CUST-01706,Betty  Clark,Clinton
CUST-06065,Barbara  King,Madison
CUST-02113,Mark  Wright,Bristol
CUST-07275,Matthew  Jones,Springfield
CUST-08996,Nancy  Harris,Madison
CUST-08648,Laura  Garcia,Madison
CUST-07791,Michael  Brown,Springfield
CUST-01968,Michelle  Adams,Greenville
CUST-06596,Ronald  Turner,Salem
CUST-07750,Amanda  Lewis,Springfield
CUST-01153,Thomas  Turner,Madison
CUST-06250,Robert  Thomas,Bristol
CUST-01383,Laura  Mitchell,Bristol
CUST-04116,Robert  Smith,Clinton
CUST-08673,Amanda  White,Madison
CUST-05485,Sarah  Wilson,Fairview
CUST-06914,Kevin  Hall,Buffalo
CUST-08338,Lisa  Green,Bristol
CUST-03397,Ruth  Martin,Georgetown
CUST-07683,Betty  Roberts,Springfield
CUST-03902,Thomas  Hall,Greenville
CUST-07392,Sandra  Jones,Salem
CUST-03509,Michael  Roberts,Charlotte
CUST-01903,Donna  Lee,Jacksonville
CUST-06927,Thomas  Nelson,Naperville
CUST-07128,Michelle  Martinez,Salem
CUST-07411,Daniel  Wilson,Clinton
CUST-08873,Jessica  Thomas,Greenville
CUST-08372,Susan  Allen,Clinton
CUST-01517,Andrew  Green,Madison
CUST-04483,Patricia  Adams,Georgetown
CUST-06043,Donna  Jackson,Greenville
CUST-07770,Joshua  Carter,Fairview
CUST-01530,Dorothy  Wright,Bristol
CUST-08335,Laura  Phillips,San Francisco
CUST-06617,Betty  King,Greenville
CUST-02678,Timothy  Robinson,Bristol
CUST-08631,Michael  Clark,Madison
CUST-05250,Brian  Scott,Clinton
CUST-05903,Ronald  Roberts,Fairview
CUST-05222,Betty  Wilson,Madison
CUST-06598,John  Carter,Philadelphia
CUST-02358,Barbara  Scott,Greensboro
CUST-06741,Ruth  Wilson,Clinton
CUST-01529,Donna  Clark,Joliet
CUST-07665,William  Mitchell,Fairview
CUST-08763,Linda  Smith,Greenville
CUST-03493,Dorothy  Turner,Bristol
CUST-01558,Edward  Anderson,Salem
CUST-04963,Betty  Smith,Salem
CUST-06024,Jennifer  Anderson,Bristol
CUST-06204,Jennifer  Martin,Bristol
CUST-01298,Amanda  Thompson,Bristol
CUST-05636,Timothy  Anderson,Bristol
CUST-06975,William  Wilson,Springfield
CUST-05841,Ruth  Anderson,Cleveland
CUST-01085,Michael  Nelson,Salem
CUST-05205,Margaret  Perez,Greenville
CUST-07529,Brian  Williams,Springfield
CUST-03527,Jason  Thomas,Madison
CUST-01433,Jennifer  Turner,Bristol
CUST-03550,Kimberly  Hall,Clinton
CUST-06810,Ruth  Jones,Springfield
CUST-01842,Donna  Green,Madison
CUST-05763,Dorothy  Mitchell,Springfield
CUST-04105,Brian  Garcia,Madison
CUST-04358,Margaret  Smith,Salem
CUST-06726,William  Carter,Allentown
CUST-03991,Amanda  Martinez,Georgetown
CUST-07107,Timothy  Green,Madison
CUST-02960,Anthony  Martin,Springfield
CUST-07128,Robert  Wilson,Jacksonville
CUST-06879,William  Davis,Atlanta
CUST-05289,Margaret  Phillips,Madison
CUST-08242,Sandra  Anderson,Madison
CUST-04208,Michelle  Garcia,Miami
CUST-05689,Edward  Smith,Rochester
CUST-05662,Thomas  Turner,Salem
CUST-07687,Sarah  Roberts,Salem
CUST-02359,Emily  Jackson,Rochester
CUST-05637,Margaret  Martinez,Allentown
CUST-04321,Donna  King,Bristol
CUST-04919,Ruth  King,Georgetown
CUST-04208,Patricia  Robinson,Springfield
CUST-08276,Andrew  Thomas,Greenville
CUST-02234,Sandra  Jones,Greenville
CUST-04654,Thomas  Garcia,Salem
CUST-01741,Betty  Sanchez,Georgetown
CUST-01052,Mary  Carter,Macon
CUST-08173,Emily  King,Toledo
CUST-05612,Matthew  Lewis,Springfield
CUST-06521,Sandra  Baker,Toledo
CUST-06467,Amanda  Wilson,Salem
CUST-08642,John  Baker,Clinton
CUST-04136,Mary  Sanchez,Clinton
CUST-06358,Kimberly  Jones,Fairview
CUST-07473,Susan  Jones,Salem
CUST-08097,William  Williams,Austin
CUST-01285,Karen  Adams,Fairview
CUST-04458,Steven  Campbell,Fairview
CUST-05159,Robert  Jackson,Georgetown
CUST-04023,Barbara  Allen,Georgetown
CUST-07167,Thomas  Scott,Clinton
CUST-03858,Thomas  Smith,Greenville
CUST-02416,Betty  Phillips,Fairview
CUST-07232,Susan  Anderson,Fairview
CUST-03557,Matthew  Williams,Clinton
CUST-08536,George  Sanchez,Georgetown
CUST-08819,Susan  Lee,Clinton
CUST-03787,Kimberly  Turner,Fairview
CUST-03951,Jessica  Adams,Bristol
CUST-05948,Daniel  Sanchez,Fairview
CUST-07517,Margaret  Allen,Fairview
CUST-07276,Carol  Smith,Madison
CUST-08493,Sharon  Allen,Allentown
CUST-06020,George  Smith,Greenville
CUST-02005,Michael  Lewis,Salem
CUST-03213,Edward  Johnson,Madison
CUST-06518,Laura  King,Springfield
CUST-06934,Thomas  Hall,Madison
CUST-03792,Sarah  Brown,Salem
CUST-06647,Donna  Taylor,Chicago
CUST-02916,Kenneth  Davis,Clinton
CUST-03632,Laura  Wright,Clinton
CUST-07349,Anthony  Baker,Fairview
CUST-02717,Mary  Johnson,Madison
CUST-02731,Barbara  Martin,Georgetown
CUST-04762,Emily  Perez,Fairview
CUST-07802,Laura  Roberts,Bristol
CUST-05024,Susan  Perez,Greenville
CUST-02928,Joseph  Carter,Springfield
CUST-05661,Joseph  Garcia,Clinton
CUST-06427,Nancy  Brown,Bellevue
CUST-06580,Dorothy  Anderson,Salem
CUST-05065,Emily  Campbell,Fairview
CUST-02664,Edward  Smith,Greenville
CUST-08058,Robert  Martin,Durham
CUST-07333,Betty  Robinson,Salem
CUST-03338,Anthony  Sanchez,Clinton
CUST-02838,Amanda  Scott,Georgetown
CUST-01211,Susan  Phillips,Clinton
CUST-05308,Thomas  Campbell,Dallas
CUST-03964,Kimberly  Hall,Georgetown
CUST-05903,Robert  Clark,Fairview
CUST-02626,David  Carter,Greenville
CUST-05240,Sarah  Jackson,Springfield
CUST-06888,Kenneth  Harris,Greenville
CUST-08006,Joshua  Perez,Fairview
CUST-08325,Linda  Davis,Fairview
CUST-05024,Susan  Perez,Greenville
CUST-07378,Steven  Wright,Cleveland
CUST-06741,Ruth  Wilson,Clinton
CUST-03717,Carol  Jones,Springfield
CUST-08442,Kenneth  Scott,Springfield
CUST-04278,Kenneth  Turner,Bristol
CUST-03391,Linda  Sanchez,Fairview
CUST-02127,Joshua  Adams,Clinton
CUST-07460,George  Sanchez,Bristol
CUST-07198,Karen  Jackson,Toledo
CUST-07720,Ashley  Scott,Madison
CUST-02625,Jessica  Perez,Fairview
CUST-06467,Amanda  Wilson,Salem
CUST-05314,Kenneth  Turner,Georgetown
CUST-05612,Matthew  Lewis,Springfield
CUST-03061,Jessica  Roberts,Madison
CUST-04944,Ronald  Perez,Madison
CUST-03940,Linda  Carter,Springfield
CUST-01272,William  Johnson,Madison
CUST-08139,Jennifer  Wright,Tacoma
CUST-01719,Betty  Baker,Georgetown
CUST-07723,George  Green,Fairview
CUST-06674,Anthony  Davis,Albany
CUST-03448,Matthew  Thompson,Clinton
CUST-02508,Nancy  Nelson,Chicago
CUST-01724,Matthew  White,Savannah
CUST-04577,Carol  Smith,Salem
CUST-04462,Lisa  Phillips,Clinton
CUST-06921,Paul  Johnson,Clinton
CUST-07568,Sharon  Martinez,Springfield
CUST-02760,Anthony  Williams,Springfield
CUST-06365,Betty  Martin,Bristol
CUST-01362,Patricia  Perez,Salem
CUST-03755,Joseph  Lewis,Georgetown
CUST-05769,Betty  Green,Fairview
CUST-08312,Betty  Martinez,Salem
CUST-03951,Jessica  Adams,Bristol
CUST-01152,Lisa  Perez,Salem
CUST-02327,Kevin  Scott,Fairview
CUST-08100,Joshua  Green,Greenville
CUST-06882,Ronald  Perez,Bristol
CUST-03239,Michael  Jones,Bristol
CUST-03601,Donna  Smith,Georgetown
CUST-03239,Michael  Jones,Bristol
CUST-08717,Jason  Anderson,Bristol
CUST-08074,Sarah  White,Clinton
CUST-04023,Joseph  Roberts,Greenville
CUST-05240,Donna  Perez,Georgetown
CUST-01059,Paul  Turner,Clinton
CUST-02587,Matthew  Green,Madison
CUST-08535,Daniel  Davis,Springfield
CUST-08570,Robert  Wilson,Sacramento
CUST-03073,Sarah  Green,Georgetown
CUST-08548,James  Thomas,Spokane
CUST-02113,Dorothy  Anderson,Springfield
CUST-01612,Paul  Sanchez,Greenville
CUST-08221,Ronald  Lee,Madison
CUST-07881,Emily  Wilson,Greenville
CUST-07265,Jason  Garcia,Tampa
CUST-08979,David  Adams,Clinton
CUST-07144,Sarah  Jones,Bristol
CUST-02790,Timothy  Lee,Bristol
CUST-02657,Donald  Adams,Clinton
CUST-06770,Thomas  Nelson,Georgetown
CUST-04668,Jessica  Adams,Madison
CUST-08409,Joshua  Miller,Fairview
CUST-07716,Robert  Carter,Georgetown
CUST-05145,Sharon  Miller,Clinton
CUST-03448,Matthew  Thompson,Clinton
CUST-06049,Donna  King,Philadelphia
CUST-06965,Daniel  Phillips,San Antonio
CUST-05479,Timothy  Mitchell,Fairview
CUST-03705,Joseph  Allen,Springfield
CUST-07957,Jennifer  Mitchell,Clinton
CUST-03570,Donald  Young,Springfield
CUST-06871,Sharon  Wilson,Fairview
CUST-08317,Mark  Miller,Clinton
CUST-07394,Mary  Taylor,Bristol
CUST-02226,Daniel  Martin,Clinton
CUST-07201,Carol  Turner,Georgetown
CUST-07916,Mary  Thomas,Fairview
CUST-05617,Sandra  Taylor,Macon
CUST-03885,Lisa  Mitchell,Clinton
CUST-05070,George  Mitchell,Bristol
CUST-08319,Margaret  Hall,Greenville
CUST-07851,Paul  Brown,Greenville
CUST-07756,Robert  Turner,Springfield
CUST-07076,Edward  King,Clinton
CUST-03271,William  Clark,Durham
CUST-01359,Lisa  Smith,Los Angeles
CUST-04162,Lisa  Davis,Clinton
CUST-04404,Linda  Phillips,Augusta
CUST-05781,Thomas  Harris,Bristol
CUST-06888,Kenneth  Harris,Greenville
CUST-06962,Joseph  White,Clinton
CUST-01262,Michelle  Baker,Salem
CUST-05061,Nancy  Nelson,Columbus
CUST-07375,Donna  Carter,Greenville
CUST-02928,Joseph  Carter,Springfield
CUST-01752,Robert  Campbell,Springfield
CUST-02063,Karen  Carter,Springfield
CUST-07688,Joseph  Lewis,Bristol
CUST-02901,Sandra  Johnson,Salem
CUST-05321,Ruth  Young,New York City
CUST-02116,Sandra  Taylor,Georgetown
CUST-03770,David  Robinson,Atlanta
CUST-04879,Lisa  Roberts,Greenville
CUST-03966,Robert  Smith,Savannah
CUST-04142,Ronald  Scott,Salem
CUST-07480,Jessica  Campbell,Springfield
CUST-04861,Carol  Young,Fairview
CUST-01032,Nancy  Brown,Clinton
CUST-01742,Ruth  Carter,Greenville
CUST-01857,Kevin  Brown,Houston
CUST-08966,Margaret  Roberts,Atlanta
CUST-05667,Jessica  Miller,Miami
CUST-01421,Michelle  Lee,Fairview
CUST-05924,Joseph  Allen,Clinton
CUST-01844,Lisa  Smith,Columbus
CUST-06285,Lisa  Miller,Salem
CUST-03388,Sharon  Carter,Salem
CUST-03230,Brian  Adams,Buffalo
CUST-02640,Kimberly  Nelson,New York City
CUST-08565,Timothy  Baker,Salem
CUST-03858,Thomas  Smith,Greenville
CUST-04619,Donald  Robinson,Georgetown
CUST-06341,Margaret  White,Fairview
CUST-03424,Amanda  Sanchez,Springfield
CUST-04245,Kevin  Lee,Bristol
CUST-05597,Jessica  Thomas,Salem
CUST-08076,Ashley  Williams,Georgetown
CUST-02310,Steven  Mitchell,Clinton
CUST-01327,Timothy  Miller,Fairview
CUST-07460,David  Thompson,Springfield
CUST-03352,Karen  Johnson,Salem
CUST-08668,Daniel  Phillips,Georgetown
CUST-03125,Daniel  Turner,Clinton
CUST-03778,Edward  Taylor,Greensboro
CUST-05021,Linda  Anderson,Greenville
CUST-07597,Steven  Nelson,Springfield
CUST-01537,Dorothy  Roberts,Salem
CUST-02113,Mark  Wright,Bristol
CUST-07178,Jessica  Young,Madison
CUST-07212,Michelle  Brown,Greenville
CUST-01671,Kenneth  Martinez,Durham
CUST-01698,Paul  Jones,Springfield
CUST-01620,Sandra  Johnson,Bristol
CUST-02068,Joseph  Jones,Clinton
CUST-07989,Ruth  Smith,Madison
CUST-01262,Michelle  Baker,Salem
CUST-06906,Jason  Perez,Salem
CUST-06535,Sarah  Garcia,Clinton
CUST-04056,Andrew  Thomas,Clinton
CUST-07597,Steven  Nelson,Springfield
CUST-08387,Nancy  Hall,Madison
CUST-01510,Joseph  Perez,Georgetown
CUST-06285,Mary  Clark,Fairview
CUST-03682,Nancy  Adams,Austin
CUST-05021,Matthew  Martinez,Clinton
CUST-05444,Timothy  Phillips,Madison
CUST-04001,Susan  Roberts,Salem
CUST-05656,Ruth  Davis,Bristol
CUST-08932,Ashley  Smith,Springfield
CUST-03532,George  Brown,Greenville
CUST-06934,Thomas  Hall,Madison
CUST-07275,Matthew  Jones,Springfield
CUST-01084,Donald  Roberts,Greenville
CUST-05180,Thomas  Jones,Salem
CUST-04763,Donna  Scott,Greenville
CUST-07516,Daniel  Phillips,Salem
CUST-01973,Laura  Jackson,Bristol
CUST-01409,William  Jackson,Greenville
CUST-02978,Andrew  Wilson,Fairview
CUST-05077,Joshua  Davis,Greenville
CUST-05597,Jessica  Thomas,Salem
CUST-07753,Emily  Smith,Georgetown
CUST-04208,Patricia  Robinson,Springfield
CUST-02518,Timothy  Turner,Bristol
CUST-04215,George  Roberts,Los Angeles
CUST-06653,Robert  Mitchell,Austin
CUST-04992,Margaret  Scott,Cincinnati
CUST-04780,Dorothy  Thompson,Albany
CUST-04762,Emily  Perez,Fairview
CUST-07531,Sharon  Miller,Fairview
CUST-01436,Michael  Young,Clinton
CUST-06479,Mark  Thompson,Fairview
CUST-02696,Ronald  Garcia,Salem
CUST-01528,William  Hall,Fairview
CUST-02113,Mark  Wright,Bristol
CUST-04720,Ashley  Hall,Bristol
CUST-06183,Nancy  Allen,Clinton
CUST-06383,Michelle  Baker,Dallas
CUST-01327,Timothy  Miller,Fairview
CUST-01558,Edward  Anderson,Salem
CUST-07076,Edward  King,Clinton
CUST-08409,Joshua  Miller,Fairview
CUST-03507,Jennifer  Allen,Greenville
CUST-03991,Amanda  Martinez,Georgetown
CUST-07182,Ashley  Perez,Greenville
CUST-05848,Anthony  Davis,Fairview
CUST-01935,Steven  Perez,Albany
CUST-03171,Robert  Roberts,Madison
CUST-06882,Ronald  Perez,Bristol
CUST-07323,Anthony  Nelson,Greenville
CUST-04235,Betty  Nelson,Austin
CUST-06788,Ronald  Wright,Georgetown
CUST-01996,Jennifer  Roberts,Springfield
CUST-07089,Emily  Campbell,Madison
CUST-05452,Betty  Green,Salem
CUST-05657,Mark  Taylor,Fairview
CUST-01047,George  Smith,Springfield
CUST-08896,Donald  White,New York City
CUST-04190,Paul  Lee,Fairview
CUST-03663,Barbara  Jackson,Bristol
CUST-08723,Steven  Miller,Madison
CUST-06980,Timothy  Perez,Fairview
CUST-01260,John  Perez,Buffalo
CUST-07232,Susan  Anderson,Fairview
CUST-07323,Anthony  Nelson,Greenville
CUST-04159,John  Young,Springfield
CUST-01671,Kenneth  Martinez,Durham
CUST-03169,Sharon  Sanchez,Bristol
CUST-04497,Betty  Clark,Dallas
CUST-05159,Robert  Jackson,Georgetown
CUST-02678,Timothy  Robinson,Bristol
CUST-01844,Lisa  Smith,Columbus
CUST-08811,Kevin  Harris,Bristol
CUST-03792,Sarah  Brown,Salem
CUST-08831,Susan  Clark,Georgetown
CUST-07467,Dorothy  Thomas,Rochester
CUST-07759,Linda  Young,Georgetown
CUST-07516,Daniel  Phillips,Salem
CUST-07896,Emily  Martinez,Madison
CUST-04395,Kenneth  Sanchez,Greenville
CUST-02155,Carol  Perez,Greenville
CUST-03624,Donna  Smith,Aurora
CUST-08831,Susan  Clark,Georgetown
CUST-06598,John  Carter,Philadelphia
CUST-05636,Timothy  Anderson,Bristol
CUST-04880,Jason  Allen,Springfield
CUST-06871,Sharon  Wilson,Fairview
CUST-04698,Joseph  Scott,Clinton
CUST-08111,Emily  Roberts,Miami
CUST-07683,Linda  Garcia,Georgetown
CUST-02231,Margaret  White,Fairview
CUST-04083,Sharon  Smith,Springfield
CUST-07183,Mark  Martinez,Springfield
CUST-04801,Joseph  Jackson,Bristol
CUST-07323,Anthony  Nelson,Greenville
CUST-05944,Sharon  Taylor,Bristol
CUST-08895,Jason  Wilson,Clinton
CUST-04358,Margaret  Smith,Salem
CUST-02305,Jessica  Perez,San Antonio
CUST-05321,Ruth  Young,New York City
CUST-07517,Margaret  Allen,Fairview
CUST-07756,Robert  Turner,Springfield
